id,nombre,horasTrabajadas,sueldo
1,Guntar,297,16933
2,Ronald,85,10653
3,Melamie,164,9024
4,Joshuah,147,19553
5,Casar,142,15329
6,Orelia,37,17958
7,Steven,183,10628
8,Hedy,35,19470
9,Dimitri,289,15391
10,Shanie,108,18426
11,Chrissie,24,14876
12,Karlotte,235,9728
13,Niccolo,184,14985
14,Brigit,191,13614
15,Sloan,276,19162
16,Cecily,68,10615
17,Kittie,213,10673
18,Rochette,198,7460
19,Annemarie,166,11964
20,Anstice,20,9976
21,Carolina,178,9610
22,Chucho,198,19876
23,Finn,69,14355
24,Tilly,183,19470
25,Cooper,114,14674
26,Kit,272,7104
27,Lorraine,194,16232
28,Egan,85,12661
29,Joeann,137,8377
30,Lorne,279,7820
31,Fernande,140,7410
32,Lilli,215,15235
33,Pearce,41,16335
34,Byran,182,13686
35,Tito,283,17130
36,Feliza,185,11352
37,Suzi,160,7380
38,Donni,112,10461
39,Hollie,137,14108
40,Mallorie,235,19645
41,Marlowe,42,7994
42,Stephie,119,8033
43,Eberto,126,12394
44,Lena,85,17201
45,Carry,151,16364
46,April,162,13736
47,May,92,14875
48,Latashia,98,7087
49,Arman,35,12456
50,Josselyn,241,12346
51,Geri,28,12761
52,Prentice,143,13463
53,Pooh,97,15581
54,Cinnamon,211,10593
55,Stevena,228,16438
56,Thorn,241,14471
57,Emerson,81,11134
58,Pammy,288,12325
59,Dru,143,14530
60,Tanhya,26,8685
61,Brendan,29,9137
62,Gilli,110,9010
63,Blake,259,14192
64,Dorise,193,13438
65,Cristiano,163,13051
66,Imelda,72,13884
67,Gustaf,251,9025
68,Joel,287,19193
69,Terrell,254,16487
70,Marilee,119,8561
71,Caron,46,7257
72,Rhoda,223,10045
73,Lennard,265,7879
74,Juana,267,8162
75,Ami,114,7046
76,Pascale,173,14662
77,Tades,290,12645
78,Briny,180,13352
79,David,300,12984
80,Sonya,156,7405
81,Alfred,75,10694
82,Svend,62,10269
83,Brodie,267,9766
84,Abigale,271,7297
85,Guthrey,198,13606
86,Shannah,271,16262
87,Andie,225,16348
88,Frederick,182,16311
89,Arielle,271,17780
90,Enriqueta,225,15213
91,Letta,261,19394
92,Sheffy,123,10299
93,Jerrilee,77,8052
94,Fredric,57,14013
95,Britni,257,12249
96,Dallis,251,10270
97,Hagen,145,17544
98,Ezechiel,164,17787
99,Laney,195,15803
100,Kathryn,174,7379
101,Reg,289,11812
102,Alic,280,10577
103,Sascha,20,11480
104,Shep,187,16004
105,Roma,203,7811
106,Shina,51,18297
107,Quincey,115,9695
108,Kenny,163,8762
109,Keary,86,7445
110,Jessee,95,14914
111,Andra,137,19799
112,Penny,283,15646
113,Noell,37,8538
114,Lesly,73,17421
115,Ladonna,107,7215
116,Laurette,248,19607
117,Carlota,269,12016
118,Ulysses,23,8373
119,Valentine,41,18523
120,Miguel,229,13479
121,Audrye,78,7951
122,Tiffi,56,12746
123,Danika,187,9631
124,Yankee,242,18718
125,Lelia,84,19372
126,Evonne,78,16209
127,Inez,275,12975
128,Joletta,254,14337
129,Sidney,297,8677
130,Felicio,270,7263
131,Fred,114,7160
132,Karlyn,101,17913
133,Dolf,133,8616
134,Jarrett,128,14505
135,Phaedra,233,7217
136,Rici,209,10199
137,Mikael,197,12712
138,Randene,212,10821
139,Oswell,207,16730
140,Nathanil,105,7916
141,Pris,272,17724
142,Muhammad,258,16631
143,Chrissy,56,10414
144,Nicola,21,18225
145,Oates,149,16205
146,Hertha,107,10859
147,Nada,34,18222
148,Duky,210,14591
149,Jacintha,234,12183
150,Kerry,42,19067
151,Kristy,300,9908
152,Katha,122,18156
153,Halsy,284,13463
154,Holli,60,9200
155,Trish,137,10679
156,Arabella,296,9394
157,Merrily,254,7479
158,Leela,194,9258
159,Auguste,295,19426
160,Emmanuel,280,11308
161,Janith,147,19711
162,Cristi,278,11388
163,Emerson,244,15895
164,Allen,96,16907
165,Janifer,163,19069
166,Gram,155,18381
167,Tedie,88,14512
168,Wilbur,272,14329
169,Arlen,191,14223
170,Kari,73,10340
171,Shoshana,106,12262
172,Spenser,228,14179
173,Olivie,242,18850
174,Aurthur,93,9737
175,Claudianus,101,7290
176,Lyon,214,11867
177,Zonda,46,10000
178,Artemus,68,12057
179,Augy,108,10365
180,Mace,81,7848
181,Garrick,172,16949
182,Casey,123,16470
183,Edmon,299,8502
184,Krispin,205,12521
185,Lutero,230,13087
186,Theodora,64,19856
187,Annora,203,9957
188,Scarlet,159,14474
189,Lisabeth,241,11303
190,Moria,186,16679
191,Tessi,46,17452
192,Delphinia,59,16832
193,Gabriellia,147,19526
194,Danna,76,10495
195,Nichols,197,11535
196,Timmie,96,17437
197,Berkeley,173,19350
198,Francesca,264,9707
199,Nalani,191,9044
200,Athene,98,14625
201,Mason,226,17905
202,Jolynn,37,18120
203,Hunfredo,252,8787
204,Loretta,102,7425
205,Payton,110,18849
206,Bette-ann,125,14131
207,Falkner,215,16691
208,Clair,55,18212
209,Gavan,46,14143
210,Mycah,157,19986
211,Emanuel,192,10010
212,Wilden,205,11586
213,Nikki,99,17581
214,Auroora,49,14696
215,Alessandra,291,13167
216,Waly,59,7752
217,Denny,129,11355
218,Melania,232,12113
219,Patty,291,17002
220,Nap,279,14675
221,Hube,288,19476
222,Boigie,290,13221
223,Kippy,241,9341
224,Alexei,136,14611
225,Lemmy,276,12396
226,Wendy,24,15543
227,Lucius,61,12312
228,Kathryn,181,14491
229,Ricky,115,7554
230,Becky,58,18505
231,Dougie,269,17354
232,Trude,245,10468
233,Sibley,250,9204
234,Carney,215,17685
235,Bruce,69,19332
236,Donica,62,10560
237,Sloan,91,9755
238,Jocelyne,101,15201
239,Godiva,150,8078
240,Rey,239,8013
241,Penn,190,19845
242,Baldwin,152,19843
243,Cass,173,15270
244,Anjanette,207,10200
245,Brina,69,15240
246,Viki,102,18257
247,Jacquelynn,178,18360
248,Gwenore,94,19736
249,Paolina,222,12200
250,Jarrad,27,17500
251,Liliane,259,12958
252,Linea,257,16277
253,Niels,37,11023
254,Werner,285,15154
255,Virgil,129,16733
256,Rowen,121,18722
257,Costanza,289,19635
258,Angela,76,17287
259,Dotti,279,15617
260,Barry,232,13925
261,Lilla,161,19944
262,Christean,176,18174
263,Kin,141,10286
264,Florenza,130,10968
265,Marybelle,53,11749
266,Welch,65,19619
267,Gerome,170,14279
268,Pauli,128,10517
269,Mame,147,12011
270,Kaylil,181,7038
271,Marmaduke,48,9895
272,Dolph,111,17113
273,Broderic,107,15660
274,Lisa,236,19641
275,Kalli,46,10576
276,Dugald,294,18933
277,Sula,180,9699
278,Bartie,265,10509
279,Rocky,235,12457
280,Carina,241,14692
281,Ortensia,266,19382
282,Hadlee,297,14540
283,Ardys,136,13642
284,Jacquenetta,144,19160
285,Nataniel,294,17442
286,Gwen,231,9520
287,Dasya,286,17684
288,Morgun,278,10295
289,Sunny,229,13809
290,Oberon,48,18196
291,Carmon,171,11805
292,Leelah,138,10502
293,Ellis,246,9175
294,Forrest,153,9591
295,Lannie,248,14210
296,Sadella,247,7984
297,Ollie,265,17209
298,Byron,281,18047
299,Salomon,70,17420
300,Winona,21,15650
301,Danila,71,19262
302,Fairleigh,130,17369
303,Bink,150,19130
304,Stepha,178,10346
305,Brice,103,17322
306,Julian,149,14127
307,Merline,81,16628
308,Borg,45,14891
309,Blondell,195,8434
310,Thedrick,107,12296
311,Isobel,164,8076
312,Vida,273,13499
313,Corabella,33,8304
314,Elroy,34,17821
315,Trstram,243,7907
316,Wilmar,265,11892
317,Arleta,287,7230
318,Edvard,186,11521
319,Marji,297,15625
320,Ezechiel,77,12306
321,Thorn,237,18786
322,Mari,160,18373
323,Warren,230,14074
324,Veronika,43,15333
325,Sandie,158,14273
326,Teddie,236,16814
327,Allister,176,11512
328,Guy,157,9255
329,Ricoriki,110,13880
330,Levey,130,9549
331,Micheline,81,11560
332,Fredra,197,15565
333,Daron,202,16907
334,Mickey,74,18668
335,Ainslie,202,10259
336,Carolann,219,10508
337,Hollie,75,19178
338,Cirilo,38,13733
339,Lurline,145,11672
340,Alice,221,12027
341,Witty,236,9715
342,Adriano,133,7267
343,Kennedy,97,17690
344,Xenia,99,17124
345,Zita,156,8492
346,Dorita,173,7906
347,Deeyn,209,8086
348,Celeste,288,17091
349,Daphene,189,8395
350,Jeri,240,10872
351,Dani,77,15495
352,Tessie,77,9648
353,Lauretta,167,9084
354,Iain,300,9739
355,Chicky,215,18787
356,Dominica,282,11183
357,Dov,108,16493
358,Ricca,291,17621
359,Gerri,27,10929
360,Chase,284,19718
361,Gerard,42,17506
362,Berny,243,13766
363,Rance,176,9931
364,Merrill,81,9918
365,Jennee,216,18044
366,Farris,228,14437
367,Dorene,82,7378
368,Geneva,205,9004
369,Garrot,96,18874
370,Rollie,199,11026
371,Arnaldo,195,18153
372,Correy,37,11276
373,Linn,151,18686
374,Larine,223,12967
375,Cornell,292,8712
376,Friederike,294,14080
377,Sioux,134,19965
378,Tore,298,13470
379,Rey,191,10745
380,Egon,260,15506
381,Marley,236,16009
382,Una,203,16894
383,Meghan,52,13802
384,Kellie,34,15472
385,Domini,74,13959
386,Andy,53,14880
387,Dulsea,186,18616
388,Davidde,231,18385
389,Arlie,30,17640
390,Benita,181,17065
391,Edan,122,8902
392,Oralla,158,14404
393,Lee,148,14662
394,Micky,224,10168
395,Ulises,234,9914
396,Kass,98,17662
397,Deane,22,13690
398,Leonid,198,9182
399,Christy,132,18004
400,Saundra,147,18041
401,Ram,217,16538
402,Pearl,184,19748
403,Valentijn,61,8498
404,Ulrike,272,16886
405,Robin,160,14970
406,Allianora,138,13289
407,Lydia,94,15756
408,Giana,257,12357
409,Camellia,29,19648
410,Melonie,216,17780
411,Sarina,37,16978
412,Quintina,217,17586
413,Hope,148,9115
414,Hanna,279,7969
415,Jens,150,17540
416,Nikoletta,191,18530
417,Ferrell,224,11005
418,Dorelia,59,9830
419,Drucill,290,18946
420,Zea,157,15672
421,Fran,186,9936
422,Sarene,85,18389
423,Hogan,251,13312
424,Kermit,103,18192
425,Roxanna,203,13386
426,Sammie,99,18059
427,Liz,132,16744
428,Joellen,128,18575
429,Carr,69,15856
430,Eva,56,15191
431,Cloe,76,17514
432,Dalis,242,14366
433,Gwen,277,13754
434,Anne-corinne,267,8320
435,Gypsy,174,12621
436,Berkie,215,11454
437,Romola,185,16796
438,Josy,117,9768
439,Cesya,280,15142
440,Janaya,137,12693
441,Chloris,164,10889
442,Alysa,49,8182
443,Tann,146,12511
444,Pippa,99,9775
445,Blondell,22,15113
446,Malory,207,18753
447,Thorin,253,8018
448,Bartholomeus,294,7931
449,Darbie,129,18374
450,Shani,176,17508
451,Jerrie,102,7697
452,Stacee,275,13173
453,Hollis,234,9953
454,Jeddy,243,11524
455,Lyndsie,186,17743
456,Rosetta,120,19210
457,Olivia,145,10216
458,Bo,130,16345
459,Clementia,106,8133
460,Corty,243,7250
461,Dorothee,57,11591
462,Camille,96,9841
463,Hieronymus,137,8138
464,Herbert,235,9815
465,Ethel,226,9564
466,Pryce,50,17902
467,Ashely,219,11260
468,Eugenia,272,8834
469,Maggi,99,11188
470,Alexandra,54,11957
471,Evelin,148,8857
472,Silvester,226,10945
473,Brig,59,18674
474,Burnard,181,18215
475,Leonie,36,19661
476,Tanner,225,12129
477,Matilde,30,8100
478,Mandi,271,13602
479,Yorgos,204,17625
480,Adolf,89,16439
481,Kissiah,64,19389
482,Paulie,59,14130
483,Murial,150,12256
484,Breena,234,17883
485,Georgeanne,133,11664
486,Damien,28,18576
487,Tarrance,183,17013
488,Hervey,39,12163
489,Rafaellle,202,10462
490,Domenico,190,7523
491,Kalil,69,15286
492,Marge,247,16506
493,Esdras,179,18928
494,Leyla,51,9073
495,Rivi,115,7206
496,Judas,34,8543
497,Georgette,140,11635
498,Marillin,251,8345
499,Ernaline,173,7430
500,Wade,24,18212
501,Eberhard,269,10145
502,Erin,82,9365
503,Tiffany,227,18778
504,Rafaello,198,17392
505,Bethena,94,12309
506,Tyrus,275,16001
507,Arlee,276,8949
508,Catrina,210,15532
509,Cornelle,52,15470
510,Lyndsay,57,18297
511,Marijo,110,16630
512,Dorey,169,7955
513,Barbara,243,16504
514,Iona,118,16788
515,Marquita,242,8780
516,Rosalyn,63,11148
517,Arabele,136,16408
518,Garvin,174,8166
519,Emmye,120,10891
520,Avivah,28,17955
521,Simona,241,15428
522,Park,277,10421
523,Hamlen,225,12902
524,Ricky,208,8613
525,Euphemia,141,13623
526,Woodie,55,7656
527,Benni,176,8229
528,Janot,127,11603
529,Emyle,247,12245
530,Jodi,217,19427
531,Huberto,31,9859
532,Marcelo,228,8051
533,Dannie,289,11733
534,Carmelita,198,12508
535,Bartolemo,132,15922
536,Carlen,297,11474
537,Fedora,69,16438
538,Danya,194,7836
539,Corty,173,8046
540,Estevan,20,11835
541,Early,164,18915
542,Red,30,8401
543,Morgen,159,13092
544,Skell,266,11218
545,Wye,22,14351
546,Shayne,234,13286
547,Izabel,192,18340
548,Kristel,211,10618
549,Isis,139,8133
550,Uriah,29,7980
551,Holt,105,11901
552,Ulberto,230,8022
553,Emmye,194,12737
554,Ede,251,7827
555,Jule,133,10627
556,Edward,179,12879
557,Kristen,68,8219
558,Lavinia,185,11260
559,Corrina,289,19444
560,Anette,245,12019
561,Clemmy,68,9276
562,Creight,57,14365
563,Salaidh,104,18041
564,Imogen,31,17427
565,Toma,77,8962
566,Padraig,137,14028
567,Maritsa,260,9484
568,Boony,270,12679
569,Agnes,93,7536
570,Jimmie,166,16092
571,Alana,253,8960
572,Abelard,204,18255
573,Shauna,107,10138
574,Lula,288,17694
575,Clem,86,19184
576,Joelly,203,10003
577,Juana,186,13907
578,Loren,266,12309
579,Webster,292,11910
580,Shelly,297,12825
581,Esteban,233,14649
582,Tiena,58,7237
583,James,188,14112
584,Kettie,197,14541
585,Elka,225,10080
586,Robb,237,13185
587,Jeanette,290,19378
588,Lawton,36,13201
589,D'arcy,300,8145
590,Darrin,26,11752
591,Blisse,132,19607
592,Faydra,115,8790
593,Kristin,262,17094
594,Mimi,202,19802
595,Josefina,180,9175
596,Lorita,111,16290
597,Marcello,183,19276
598,Osmond,65,9091
599,Lillis,180,17010
600,Libbie,228,8876
601,William,235,9062
602,Milzie,209,14812
603,Hyacinth,100,17652
604,Ariana,178,13210
605,Deborah,62,12509
606,Nataline,144,9105
607,Reiko,188,16373
608,Gail,207,13233
609,Corny,238,14889
610,Oby,281,9486
611,Avram,203,11693
612,Winni,227,9035
613,Roderick,98,15519
614,Christye,55,7771
615,Hilliard,100,11597
616,Franciska,249,11766
617,Rasia,51,16142
618,Camel,163,7770
619,Major,40,7548
620,Eadmund,39,12138
621,Carla,152,17223
622,Norina,103,11110
623,Isa,129,16123
624,Melissa,32,15977
625,Cassandry,158,14429
626,Alexine,289,18061
627,Byran,300,15239
628,Wilone,217,16146
629,Moishe,205,19659
630,Natalina,84,12492
631,Fin,185,11316
632,Christabel,259,8288
633,Doloritas,110,16338
634,Hercules,216,10572
635,Chaunce,258,14010
636,Paul,62,19243
637,Odey,40,18703
638,Katleen,56,10307
639,Stefania,89,9964
640,Vinita,83,8896
641,Linzy,296,19961
642,Prinz,175,12934
643,Susie,220,14962
644,Melinda,224,11411
645,Malynda,122,14872
646,Upton,130,11101
647,Merrielle,104,19485
648,Jany,82,12111
649,Lucky,129,9678
650,Cristine,212,12915
651,Faina,25,9557
652,Kerwin,108,14626
653,Gayle,198,19710
654,Deana,81,19113
655,Marvin,71,10355
656,Babb,168,11755
657,Kira,263,9142
658,Darleen,56,12448
659,Gay,243,15602
660,Kelcy,253,10495
661,Hoebart,221,10541
662,Astrix,286,8620
663,Robbie,265,7200
664,Frasier,221,18027
665,Evin,216,11377
666,Valeda,181,19988
667,Shea,239,12530
668,Rodie,136,10354
669,Solomon,93,15813
670,Kevina,187,17534
671,Jordan,108,7078
672,Elmira,291,15488
673,Sharyl,230,8149
674,Ax,78,9518
675,Ricki,216,13641
676,Sunshine,65,9780
677,Zia,64,15773
678,Nicky,48,17068
679,Alastair,286,14941
680,Jamil,214,12936
681,Randell,244,8281
682,Ardis,150,11672
683,Stevana,284,19054
684,Luther,220,12949
685,D'arcy,279,15806
686,Cordie,129,9078
687,Rutherford,20,19317
688,Adelind,237,13736
689,Gerry,134,19916
690,Tommie,257,15964
691,Jeffy,39,16034
692,Addi,181,17130
693,Max,193,14597
694,Julius,109,11047
695,Corbie,43,11374
696,Georgette,163,13631
697,Melisandra,216,8988
698,Joachim,186,9875
699,Miles,99,12110
700,Letti,144,9448
701,Ulrikaumeko,243,8153
702,Leland,93,18045
703,Olivier,69,16977
704,Bat,42,14991
705,Willy,98,11550
706,Ezequiel,59,10596
707,Elyssa,278,15173
708,Teodor,274,14192
709,Catherine,239,18634
710,Ado,101,15675
711,Regan,231,8067
712,Reagen,209,18245
713,Imojean,140,11658
714,Priscella,67,15683
715,Ervin,68,11788
716,Bertina,273,8854
717,Steven,242,19395
718,Trude,126,19965
719,Spence,255,9185
720,Payton,122,16773
721,Ariella,249,19272
722,Gunar,129,17004
723,Mike,39,12945
724,Weidar,239,12742
725,Gwyn,60,19098
726,Hewie,244,12642
727,Christen,236,8816
728,Dianemarie,104,18889
729,Jarib,147,16236
730,Flory,290,9245
731,Craggy,42,19424
732,Even,227,19930
733,Tammy,78,7987
734,Nestor,131,18930
735,Fenelia,229,7826
736,Magdalen,265,13014
737,Saidee,123,14696
738,Danie,23,13720
739,Pandora,128,11445
740,Luis,35,8152
741,Nikki,244,9746
742,Trumaine,195,12510
743,Ferdinanda,221,13752
744,Rhodie,187,13078
745,Cob,53,15668
746,Kayla,97,17892
747,Ewell,54,17840
748,Salvidor,107,13813
749,Mame,286,12846
750,Valentino,277,12660
751,Waring,290,10923
752,Shepard,226,7612
753,Elisha,106,15415
754,Zulema,223,13202
755,Tommie,73,7328
756,Fremont,208,17331
757,Karin,162,9380
758,Riley,119,14815
759,Herrick,122,7486
760,Em,56,12514
761,Gunner,293,17790
762,Madlen,203,19075
763,Susann,33,15229
764,Reggie,164,14393
765,Nonah,211,16900
766,Fanchon,226,11567
767,Dag,28,10272
768,Erwin,143,9505
769,Margareta,128,17103
770,Kath,290,17384
771,Lulita,189,16410
772,Bartolemo,250,8659
773,Mariquilla,224,18837
774,Frieda,99,16200
775,Tamqrah,24,14928
776,Janine,223,8446
777,Mab,170,14873
778,Olivie,145,11092
779,Dave,239,10477
780,Nicolette,47,11990
781,Ulysses,250,19671
782,Helli,31,11676
783,Cyrillus,262,17752
784,Fredi,182,8899
785,Marjie,67,18270
786,Fabian,236,12237
787,Ninnetta,187,7262
788,Roley,272,9942
789,Merle,258,14692
790,Lamont,154,16995
791,Yulma,290,10219
792,Cam,23,9142
793,Kimberly,230,18254
794,Sherill,180,7699
795,Karylin,178,8312
796,Gerda,86,11496
797,Lora,203,7640
798,Dianna,204,11923
799,Meier,172,16268
800,Ronnie,167,14854
801,Emilia,120,10553
802,Dalli,45,12846
803,Tully,294,10137
804,Belita,74,8530
805,Frederico,167,9630
806,Dolorita,72,8112
807,Sena,153,19130
808,Kare,47,7553
809,Erhart,74,18864
810,Val,176,18157
811,Tedra,27,11904
812,Martita,247,19347
813,Isabelle,196,12786
814,Carolyn,234,16862
815,Angelico,171,15057
816,Rob,88,9160
817,Lorant,204,8499
818,Amelie,232,13165
819,Queenie,145,7009
820,Giorgio,54,8397
821,Judie,149,14724
822,Raoul,93,14876
823,Valentina,272,9860
824,Taffy,292,7438
825,Angelia,250,9370
826,Joey,52,17474
827,Conney,145,7103
828,Aloise,131,16864
829,Joseph,92,15676
830,Caro,162,10666
831,Sigismondo,169,17305
832,Gene,40,7580
833,Pooh,199,19245
834,Allix,68,11427
835,Tina,165,11231
836,Burl,230,17747
837,Christopher,80,13347
838,Adham,170,18196
839,Elly,33,12849
840,Rickie,109,13772
841,Isabel,88,15326
842,Jazmin,178,8681
843,Diannne,142,15390
844,Keslie,288,9503
845,Jeni,220,7221
846,Carlie,87,16939
847,Rosabelle,125,7249
848,James,68,13203
849,Lucho,33,9631
850,Herby,50,8439
851,Cecilla,206,8531
852,Jaquenette,129,14030
853,Ricki,261,19112
854,Steward,179,17448
855,Ania,297,7720
856,Annice,261,7548
857,Arline,36,15558
858,Udall,210,11027
859,Violante,289,19687
860,Calli,63,13514
861,Cesya,20,9446
862,Emery,31,11285
863,Lulu,50,8027
864,Mar,108,18940
865,Cleve,169,19641
866,Malinda,210,10660
867,Donnamarie,157,12936
868,Danyelle,179,17480
869,Ameline,203,15255
870,Henri,154,14897
871,Kerianne,98,19520
872,Ernesto,37,13605
873,Dominik,299,10671
874,Glen,180,8458
875,Helen,282,16629
876,Gerianna,192,8217
877,Ermengarde,203,13542
878,Svend,230,9498
879,Honey,234,8695
880,Lamont,229,9989
881,Michaella,47,18095
882,Guenevere,106,15397
883,Alis,178,7549
884,Hastings,265,7713
885,Cory,251,7146
886,Guinna,203,19052
887,Roda,78,7035
888,Robers,96,14398
889,Creight,110,15334
890,Marcello,285,15076
891,Jess,269,13513
892,Dale,195,14027
893,Pryce,102,18126
894,Javier,33,10807
895,Jillian,188,11552
896,Dasie,239,11194
897,Gabi,32,8808
898,Reinhard,65,16650
899,Hill,201,12754
900,Ari,30,12752
901,Aurie,272,8059
902,Charmian,264,10332
903,Reidar,188,15348
904,Pansy,67,14698
905,Ciro,115,18690
906,Camile,149,16342
907,Katharyn,62,11254
908,Rheba,158,14733
909,Ross,258,12017
910,Murdock,154,12812
911,Madelaine,165,7172
912,Abigail,241,13718
913,Ardelis,197,16004
914,Tabbi,168,11200
915,Ivor,90,16957
916,Darcey,194,8426
917,Jo-anne,208,8116
918,Karmen,242,16098
919,Ulick,287,11190
920,Adina,177,7478
921,Megan,47,7563
922,Briney,184,16755
923,Waite,227,13275
924,Agace,179,8761
925,Zea,84,12292
926,Mile,223,14312
927,Nanette,164,14796
928,Saudra,273,8069
929,Jamison,194,16921
930,Wylma,256,7657
931,Esme,33,19193
932,Kevina,205,10971
933,Pauly,271,7248
934,Valencia,48,14820
935,Anallese,193,11611
936,Lura,299,15694
937,Sven,61,13279
938,Brandea,82,12883
939,Erda,194,12204
940,Elroy,195,19681
941,Joanna,285,14164
942,Christophe,194,13890
943,Freddy,223,10614
944,Ivor,259,18132
945,Gilly,61,18631
946,Ransom,83,7560
947,Bridget,207,19126
948,Dniren,121,17101
949,Abbie,66,7570
950,Sela,21,12215
951,Mitchell,75,8864
952,Mollie,181,16786
953,Magda,217,14916
954,Chick,211,13912
955,Kenny,222,15907
956,Jakob,278,15501
957,Irita,263,18032
958,Roch,271,15677
959,Sanford,229,10806
960,Zelda,69,19254
961,Josephine,196,18077
962,Conant,38,11242
963,Ami,84,14527
964,Peyton,166,14256
965,Gay,260,15592
966,Jonell,269,18874
967,Shaine,210,12782
968,Tracie,134,12745
969,Joanie,63,19972
970,Nalani,212,12120
971,Elvyn,292,13119
972,Janine,188,7599
973,Cody,89,16085
974,Rowena,246,17720
975,Patrizio,124,14253
976,Clementia,286,13736
977,Ofelia,82,11854
978,Robbi,240,11505
979,Katey,118,8536
980,Clarisse,255,7770
981,Janos,42,9594
982,Jayne,91,11329
983,Terry,248,14278
984,Danya,81,11480
985,Samaria,297,13280
986,Jarib,231,17123
987,Iver,180,8627
988,Ami,27,10790
989,Oswell,81,12289
990,Elvyn,245,13914
991,George,197,15591
992,Hatti,156,18370
993,Gifford,199,12900
994,Caspar,154,18607
995,Peyter,251,10393
996,Raimondo,145,8400
997,Julio,223,10848
998,Lil,129,7296
999,Esteban,200,16103
1000,Hildegarde,94,13949
